timestamp,message
1.73989E+12,"{""timestamp"":1739886625135,""formatVersion"":1,""webaclId"":""arn:aws:wafv2:us-east-1:831926621722:global/webacl/demo/89bae2ff-962b-4291-8191-c80a84f2c8da"",""terminatingRuleId"":""Default_Action"",""terminatingRuleType"":""REGULAR"",""action"":""ALLOW"",""terminatingRuleMatchDetails"":[],""httpSourceName"":""CF"",""httpSourceId"":""E34E78V0LS84QR"",""ruleGroupList"":[{""ruleGroupId"":""AWS#AWSManagedRulesAmazonIpReputationList"",""terminatingRule"":null,""nonTerminatingMatchingRules"":[],""excludedRules"":null,""customerConfig"":null},{""ruleGroupId"":""AWS#AWSManagedRulesSQLiRuleSet"",""terminatingRule"":null,""nonTerminatingMatchingRules"":[],""excludedRules"":null,""customerConfig"":null}],""rateBasedRuleList"":[],""nonTerminatingMatchingRules"":[],""requestHeadersInserted"":null,""responseCodeSent"":null,""httpRequest"":{""clientIp"":""84.110.105.79"",""country"":""IL"",""headers"":[{""name"":""User-Agent"",""value"":""PostmanRuntime/7.43.0""},{""name"":""Accept"",""value"":""*/*""},{""name"":""Cache-Control"",""value"":""no-cache""},{""name"":""Postman-Token"",""value"":""54f6a802-2dac-4798-be8b-1699a41988ca""},{""name"":""Host"",""value"":""d34x0pywpzori4.cloudfront.net""},{""name"":""Accept-Encoding"",""value"":""gzip, deflate, br""},{""name"":""Connection"",""value"":""keep-alive""}],""uri"":""/"",""args"":"""",""httpVersion"":""HTTP/1.1"",""httpMethod"":""GET"",""requestId"":""JlnDbZ5zsfHfnOQBujvrUykKxumcdpRsCJkIsiNsKeBklfg6uhP-pA==""},""ja3Fingerprint"":""51bddd625044f75a235ba857ac8b0145"",""ja4Fingerprint"":""t13d181100_5d04281c6031_ef7df7f74e48""}"
1.73989E+12,"{""timestamp"":1739886734975,""formatVersion"":1,""webaclId"":""arn:aws:wafv2:us-east-1:831926621722:global/webacl/demo/89bae2ff-962b-4291-8191-c80a84f2c8da"",""terminatingRuleId"":""Default_Action"",""terminatingRuleType"":""REGULAR"",""action"":""ALLOW"",""terminatingRuleMatchDetails"":[],""httpSourceName"":""CF"",""httpSourceId"":""E34E78V0LS84QR"",""ruleGroupList"":[{""ruleGroupId"":""AWS#AWSManagedRulesAmazonIpReputationList"",""terminatingRule"":null,""nonTerminatingMatchingRules"":[],""excludedRules"":null,""customerConfig"":null},{""ruleGroupId"":""AWS#AWSManagedRulesSQLiRuleSet"",""terminatingRule"":null,""nonTerminatingMatchingRules"":[],""excludedRules"":null,""customerConfig"":null}],""rateBasedRuleList"":[],""nonTerminatingMatchingRules"":[],""requestHeadersInserted"":null,""responseCodeSent"":null,""httpRequest"":{""clientIp"":""84.110.105.79"",""country"":""IL"",""headers"":[{""name"":""User-Agent"",""value"":""PostmanRuntime/7.43.0""},{""name"":""Accept"",""value"":""*/*""},{""name"":""Cache-Control"",""value"":""no-cache""},{""name"":""Postman-Token"",""value"":""987bde7c-4054-4e6e-b27a-15790b747d35""},{""name"":""Host"",""value"":""d34x0pywpzori4.cloudfront.net""},{""name"":""Accept-Encoding"",""value"":""gzip, deflate, br""},{""name"":""Connection"",""value"":""keep-alive""},{""name"":""Content-Type"",""value"":""multipart/form-data; boundary=--------------------------787153508513632050858572""},{""name"":""Content-Length"",""value"":""168""}],""uri"":""/"",""args"":"""",""httpVersion"":""HTTP/1.1"",""httpMethod"":""POST"",""requestId"":""r0VUlWlJgB0TMlYT8DnYN7fHTWlF14IQAYODns1KoJ9zPVR2P0F7Hw==""},""requestBodySize"":168,""requestBodySizeInspectedByWAF"":168,""ja3Fingerprint"":""51bddd625044f75a235ba857ac8b0145"",""ja4Fingerprint"":""t13d181100_5d04281c6031_ef7df7f74e48""}"
1.73989E+12,"{""timestamp"":1739886755874,""formatVersion"":1,""webaclId"":""arn:aws:wafv2:us-east-1:831926621722:global/webacl/demo/89bae2ff-962b-4291-8191-c80a84f2c8da"",""terminatingRuleId"":""Default_Action"",""terminatingRuleType"":""REGULAR"",""action"":""ALLOW"",""terminatingRuleMatchDetails"":[],""httpSourceName"":""CF"",""httpSourceId"":""E34E78V0LS84QR"",""ruleGroupList"":[{""ruleGroupId"":""AWS#AWSManagedRulesAmazonIpReputationList"",""terminatingRule"":null,""nonTerminatingMatchingRules"":[],""excludedRules"":null,""customerConfig"":null},{""ruleGroupId"":""AWS#AWSManagedRulesSQLiRuleSet"",""terminatingRule"":null,""nonTerminatingMatchingRules"":[],""excludedRules"":null,""customerConfig"":null}],""rateBasedRuleList"":[],""nonTerminatingMatchingRules"":[],""requestHeadersInserted"":null,""responseCodeSent"":null,""httpRequest"":{""clientIp"":""84.110.105.79"",""country"":""IL"",""headers"":[{""name"":""User-Agent"",""value"":""PostmanRuntime/7.43.0""},{""name"":""Accept"",""value"":""*/*""},{""name"":""Cache-Control"",""value"":""no-cache""},{""name"":""Postman-Token"",""value"":""618d571e-d854-48d4-a4a0-a2fd05c64527""},{""name"":""Host"",""value"":""d34x0pywpzori4.cloudfront.net""},{""name"":""Accept-Encoding"",""value"":""gzip, deflate, br""},{""name"":""Connection"",""value"":""keep-alive""},{""name"":""Content-Type"",""value"":""multipart/form-data; boundary=--------------------------528552090739318262171639""},{""name"":""Content-Length"",""value"":""168""}],""uri"":""/"",""args"":"""",""httpVersion"":""HTTP/1.1"",""httpMethod"":""POST"",""requestId"":""j8QtF219gFDJsthoRArBi-q6vLIfi7_4yfR3Qec_KHkhJDYSpqoj7A==""},""requestBodySize"":168,""requestBodySizeInspectedByWAF"":168,""ja3Fingerprint"":""51bddd625044f75a235ba857ac8b0145"",""ja4Fingerprint"":""t13d181100_5d04281c6031_ef7df7f74e48""}"
1.73989E+12,"{""timestamp"":1739886825254,""formatVersion"":1,""webaclId"":""arn:aws:wafv2:us-east-1:831926621722:global/webacl/demo/89bae2ff-962b-4291-8191-c80a84f2c8da"",""terminatingRuleId"":""AWS-AWSManagedRulesSQLiRuleSet"",""terminatingRuleType"":""MANAGED_RULE_GROUP"",""action"":""BLOCK"",""terminatingRuleMatchDetails"":[{""conditionType"":""SQL_INJECTION"",""location"":""ALL_QUERY_ARGS"",""matchedData"":[""%"",""OR"",""a"",""LIKE"",""a""],""matchedFieldName"":""search"",""sensitivityLevel"":""LOW""}],""httpSourceName"":""CF"",""httpSourceId"":""E34E78V0LS84QR"",""ruleGroupList"":[{""ruleGroupId"":""AWS#AWSManagedRulesAmazonIpReputationList"",""terminatingRule"":null,""nonTerminatingMatchingRules"":[],""excludedRules"":null,""customerConfig"":null},{""ruleGroupId"":""AWS#AWSManagedRulesSQLiRuleSet"",""terminatingRule"":{""ruleId"":""SQLi_QUERYARGUMENTS"",""action"":""BLOCK"",""ruleMatchDetails"":null},""nonTerminatingMatchingRules"":[],""excludedRules"":null,""customerConfig"":null}],""rateBasedRuleList"":[],""nonTerminatingMatchingRules"":[],""requestHeadersInserted"":null,""responseCodeSent"":null,""httpRequest"":{""clientIp"":""84.110.105.79"",""country"":""IL"",""headers"":[{""name"":""host"",""value"":""d34x0pywpzori4.cloudfront.net""},{""name"":""sec-ch-ua"",""value"":""\""Not A(Brand\"";v=\""8\"", \""Chromium\"";v=\""132\"", \""Google Chrome\"";v=\""132\""""},{""name"":""sec-ch-ua-mobile"",""value"":""?0""},{""name"":""sec-ch-ua-platform"",""value"":""\""Windows\""""},{""name"":""upgrade-insecure-requests"",""value"":""1""},{""name"":""user-agent"",""value"":""Mozilla/5.0 (Windows NT 10.0; Win64; x64) AppleWebKit/537.36 (KHTML, like Gecko) Chrome/132.0.0.0 Safari/537.36""},{""name"":""accept"",""value"":""text/html,application/xhtml+xml,application/xml;q=0.9,image/avif,image/webp,image/apng,*/*;q=0.8,application/signed-exchange;v=b3;q=0.7""},{""name"":""sec-fetch-site"",""value"":""none""},{""name"":""sec-fetch-mode"",""value"":""navigate""},{""name"":""sec-fetch-user"",""value"":""?1""},{""name"":""sec-fetch-dest"",""value"":""document""},{""name"":""accept-encoding"",""value"":""gzip, deflate, br, zstd""},{""name"":""accept-language"",""value"":""he,en-US;q=0.9,en;q=0.8""},{""name"":""priority"",""value"":""u=0, i""}],""uri"":""/"",""args"":""search=%%27%20OR%20%27a%27%20LIKE%20%27a"",""httpVersion"":""HTTP/2.0"",""httpMethod"":""GET"",""requestId"":""L5OCfte3VELd0OFUt6dYvI_IIcsV8cdQGR3JR6phsrCCUcsxVekwog==""},""labels"":[{""name"":""awswaf:managed:aws:sql-database:SQLi_QueryArguments""}],""ja3Fingerprint"":""0ae307cfe2b16f0098753d22873fb8b0"",""ja4Fingerprint"":""t13d1517h2_8daaf6152771_b6f405a00624""}"
1.73989E+12,"{""timestamp"":1739886825327,""formatVersion"":1,""webaclId"":""arn:aws:wafv2:us-east-1:831926621722:global/webacl/demo/89bae2ff-962b-4291-8191-c80a84f2c8da"",""terminatingRuleId"":""Default_Action"",""terminatingRuleType"":""REGULAR"",""action"":""ALLOW"",""terminatingRuleMatchDetails"":[],""httpSourceName"":""CF"",""httpSourceId"":""E34E78V0LS84QR"",""ruleGroupList"":[{""ruleGroupId"":""AWS#AWSManagedRulesAmazonIpReputationList"",""terminatingRule"":null,""nonTerminatingMatchingRules"":[],""excludedRules"":null,""customerConfig"":null},{""ruleGroupId"":""AWS#AWSManagedRulesSQLiRuleSet"",""terminatingRule"":null,""nonTerminatingMatchingRules"":[],""excludedRules"":null,""customerConfig"":null}],""rateBasedRuleList"":[],""nonTerminatingMatchingRules"":[],""requestHeadersInserted"":null,""responseCodeSent"":null,""httpRequest"":{""clientIp"":""84.110.105.79"",""country"":""IL"",""headers"":[{""name"":""host"",""value"":""d34x0pywpzori4.cloudfront.net""},{""name"":""sec-ch-ua-platform"",""value"":""\""Windows\""""},{""name"":""user-agent"",""value"":""Mozilla/5.0 (Windows NT 10.0; Win64; x64) AppleWebKit/537.36 (KHTML, like Gecko) Chrome/132.0.0.0 Safari/537.36""},{""name"":""sec-ch-ua"",""value"":""\""Not A(Brand\"";v=\""8\"", \""Chromium\"";v=\""132\"", \""Google Chrome\"";v=\""132\""""},{""name"":""sec-ch-ua-mobile"",""value"":""?0""},{""name"":""accept"",""value"":""image/avif,image/webp,image/apng,image/svg+xml,image/*,*/*;q=0.8""},{""name"":""sec-fetch-site"",""value"":""same-origin""},{""name"":""sec-fetch-mode"",""value"":""no-cors""},{""name"":""sec-fetch-dest"",""value"":""image""},{""name"":""referer"",""value"":""https://d34x0pywpzori4.cloudfront.net/?search=%%27%20OR%20%27a%27%20LIKE%20%27a""},{""name"":""accept-encoding"",""value"":""gzip, deflate, br, zstd""},{""name"":""accept-language"",""value"":""he,en-US;q=0.9,en;q=0.8""},{""name"":""priority"",""value"":""u=1, i""}],""uri"":""/favicon.ico"",""args"":"""",""httpVersion"":""HTTP/2.0"",""httpMethod"":""GET"",""requestId"":""K_adBCXS_SNB5KVZYw6GbCW8AMbJIWQTBX4yP0JwiSM6kgtfmGv64A==""},""ja3Fingerprint"":""0ae307cfe2b16f0098753d22873fb8b0"",""ja4Fingerprint"":""t13d1517h2_8daaf6152771_b6f405a00624""}"
1.73996E+12,"{""timestamp"":1739959481602,""formatVersion"":1,""webaclId"":""arn:aws:wafv2:us-east-1:831926621722:global/webacl/demo/89bae2ff-962b-4291-8191-c80a84f2c8da"",""terminatingRuleId"":""Default_Action"",""terminatingRuleType"":""REGULAR"",""action"":""ALLOW"",""terminatingRuleMatchDetails"":[],""httpSourceName"":""CF"",""httpSourceId"":""E34E78V0LS84QR"",""ruleGroupList"":[{""ruleGroupId"":""AWS#AWSManagedRulesAmazonIpReputationList"",""terminatingRule"":null,""nonTerminatingMatchingRules"":[],""excludedRules"":null,""customerConfig"":null},{""ruleGroupId"":""AWS#AWSManagedRulesSQLiRuleSet"",""terminatingRule"":null,""nonTerminatingMatchingRules"":[],""excludedRules"":null,""customerConfig"":null}],""rateBasedRuleList"":[],""nonTerminatingMatchingRules"":[],""requestHeadersInserted"":null,""responseCodeSent"":null,""httpRequest"":{""clientIp"":""84.110.105.79"",""country"":""IL"",""headers"":[{""name"":""User-Agent"",""value"":""PostmanRuntime/7.43.0""},{""name"":""Accept"",""value"":""*/*""},{""name"":""Cache-Control"",""value"":""no-cache""},{""name"":""Postman-Token"",""value"":""77502b90-9f87-4d31-9c80-d228685b362e""},{""name"":""Host"",""value"":""d34x0pywpzori4.cloudfront.net""},{""name"":""Accept-Encoding"",""value"":""gzip, deflate, br""},{""name"":""Connection"",""value"":""keep-alive""}],""uri"":""/"",""args"":"""",""httpVersion"":""HTTP/1.1"",""httpMethod"":""GET"",""requestId"":""GA4Bf1Qy0xI6QRoXFnAHRv05xxzmYVxRSuHCA-2DN4vpcWFdb7py0Q==""},""ja3Fingerprint"":""d92981146534550ae85075b70b1c352a"",""ja4Fingerprint"":""t13d181200_5d04281c6031_02c8e53ee398""}"
1.73996E+12,"{""timestamp"":1739959507583,""formatVersion"":1,""webaclId"":""arn:aws:wafv2:us-east-1:831926621722:global/webacl/demo/89bae2ff-962b-4291-8191-c80a84f2c8da"",""terminatingRuleId"":""Default_Action"",""terminatingRuleType"":""REGULAR"",""action"":""ALLOW"",""terminatingRuleMatchDetails"":[],""httpSourceName"":""CF"",""httpSourceId"":""E34E78V0LS84QR"",""ruleGroupList"":[{""ruleGroupId"":""AWS#AWSManagedRulesAmazonIpReputationList"",""terminatingRule"":null,""nonTerminatingMatchingRules"":[],""excludedRules"":null,""customerConfig"":null},{""ruleGroupId"":""AWS#AWSManagedRulesSQLiRuleSet"",""terminatingRule"":null,""nonTerminatingMatchingRules"":[],""excludedRules"":null,""customerConfig"":null}],""rateBasedRuleList"":[],""nonTerminatingMatchingRules"":[],""requestHeadersInserted"":null,""responseCodeSent"":null,""httpRequest"":{""clientIp"":""84.110.105.79"",""country"":""IL"",""headers"":[{""name"":""User-Agent"",""value"":""PostmanRuntime/7.43.0""},{""name"":""Accept"",""value"":""*/*""},{""name"":""Cache-Control"",""value"":""no-cache""},{""name"":""Postman-Token"",""value"":""d4a8b81f-636c-4152-83f6-42560198f1b6""},{""name"":""Host"",""value"":""d34x0pywpzori4.cloudfront.net""},{""name"":""Accept-Encoding"",""value"":""gzip, deflate, br""},{""name"":""Connection"",""value"":""keep-alive""}],""uri"":""/tziki"",""args"":"""",""httpVersion"":""HTTP/1.1"",""httpMethod"":""GET"",""requestId"":""Rljk_eWvNWBWPrLAVgstnvbL3Xep66lRAyNaneISecipJ2Ujj14UnQ==""},""ja3Fingerprint"":""d92981146534550ae85075b70b1c352a"",""ja4Fingerprint"":""t13d181200_5d04281c6031_02c8e53ee398""}"
1.73996E+12,"{""timestamp"":1739959510303,""formatVersion"":1,""webaclId"":""arn:aws:wafv2:us-east-1:831926621722:global/webacl/demo/89bae2ff-962b-4291-8191-c80a84f2c8da"",""terminatingRuleId"":""Default_Action"",""terminatingRuleType"":""REGULAR"",""action"":""ALLOW"",""terminatingRuleMatchDetails"":[],""httpSourceName"":""CF"",""httpSourceId"":""E34E78V0LS84QR"",""ruleGroupList"":[{""ruleGroupId"":""AWS#AWSManagedRulesAmazonIpReputationList"",""terminatingRule"":null,""nonTerminatingMatchingRules"":[],""excludedRules"":null,""customerConfig"":null},{""ruleGroupId"":""AWS#AWSManagedRulesSQLiRuleSet"",""terminatingRule"":null,""nonTerminatingMatchingRules"":[],""excludedRules"":null,""customerConfig"":null}],""rateBasedRuleList"":[],""nonTerminatingMatchingRules"":[],""requestHeadersInserted"":null,""responseCodeSent"":null,""httpRequest"":{""clientIp"":""84.110.105.79"",""country"":""IL"",""headers"":[{""name"":""User-Agent"",""value"":""PostmanRuntime/7.43.0""},{""name"":""Accept"",""value"":""*/*""},{""name"":""Cache-Control"",""value"":""no-cache""},{""name"":""Postman-Token"",""value"":""6b21f992-234f-4231-a250-b16ecea4b420""},{""name"":""Host"",""value"":""d34x0pywpzori4.cloudfront.net""},{""name"":""Accept-Encoding"",""value"":""gzip, deflate, br""},{""name"":""Connection"",""value"":""keep-alive""}],""uri"":""/tziki"",""args"":"""",""httpVersion"":""HTTP/1.1"",""httpMethod"":""GET"",""requestId"":""ynGi4-mzLQgPVRwmF_YkB9NWZD1svauENU-WrBWOa78WVUxsiREYXQ==""},""ja3Fingerprint"":""d92981146534550ae85075b70b1c352a"",""ja4Fingerprint"":""t13d181200_5d04281c6031_02c8e53ee398""}"
1.73996E+12,"{""timestamp"":1739959583881,""formatVersion"":1,""webaclId"":""arn:aws:wafv2:us-east-1:831926621722:global/webacl/demo/89bae2ff-962b-4291-8191-c80a84f2c8da"",""terminatingRuleId"":""tziki-rule"",""terminatingRuleType"":""REGULAR"",""action"":""BLOCK"",""terminatingRuleMatchDetails"":[],""httpSourceName"":""CF"",""httpSourceId"":""E34E78V0LS84QR"",""ruleGroupList"":[{""ruleGroupId"":""AWS#AWSManagedRulesAmazonIpReputationList"",""terminatingRule"":null,""nonTerminatingMatchingRules"":[],""excludedRules"":null,""customerConfig"":null},{""ruleGroupId"":""AWS#AWSManagedRulesSQLiRuleSet"",""terminatingRule"":null,""nonTerminatingMatchingRules"":[],""excludedRules"":null,""customerConfig"":null}],""rateBasedRuleList"":[],""nonTerminatingMatchingRules"":[],""requestHeadersInserted"":null,""responseCodeSent"":null,""httpRequest"":{""clientIp"":""84.110.105.79"",""country"":""IL"",""headers"":[{""name"":""User-Agent"",""value"":""PostmanRuntime/7.43.0""},{""name"":""Accept"",""value"":""*/*""},{""name"":""Cache-Control"",""value"":""no-cache""},{""name"":""Postman-Token"",""value"":""2c51da92-eb22-467d-97c7-63d628b86ad2""},{""name"":""Host"",""value"":""d34x0pywpzori4.cloudfront.net""},{""name"":""Accept-Encoding"",""value"":""gzip, deflate, br""},{""name"":""Connection"",""value"":""keep-alive""}],""uri"":""/"",""args"":""tziki=tziki"",""httpVersion"":""HTTP/1.1"",""httpMethod"":""GET"",""requestId"":""CjZsVfv4OdjgLBLjRSB8__pRvfMQV1kTF9dCYtw5E02KDeiVC_Mp5g==""},""ja3Fingerprint"":""51bddd625044f75a235ba857ac8b0145"",""ja4Fingerprint"":""t13d181100_5d04281c6031_ef7df7f74e48""}"
1.73996E+12,"{""timestamp"":1739959623569,""formatVersion"":1,""webaclId"":""arn:aws:wafv2:us-east-1:831926621722:global/webacl/demo/89bae2ff-962b-4291-8191-c80a84f2c8da"",""terminatingRuleId"":""tziki-rule"",""terminatingRuleType"":""REGULAR"",""action"":""BLOCK"",""terminatingRuleMatchDetails"":[],""httpSourceName"":""CF"",""httpSourceId"":""E34E78V0LS84QR"",""ruleGroupList"":[{""ruleGroupId"":""AWS#AWSManagedRulesAmazonIpReputationList"",""terminatingRule"":null,""nonTerminatingMatchingRules"":[],""excludedRules"":null,""customerConfig"":null},{""ruleGroupId"":""AWS#AWSManagedRulesSQLiRuleSet"",""terminatingRule"":null,""nonTerminatingMatchingRules"":[],""excludedRules"":null,""customerConfig"":null}],""rateBasedRuleList"":[],""nonTerminatingMatchingRules"":[],""requestHeadersInserted"":null,""responseCodeSent"":null,""httpRequest"":{""clientIp"":""84.110.105.79"",""country"":""IL"",""headers"":[{""name"":""User-Agent"",""value"":""PostmanRuntime/7.43.0""},{""name"":""Accept"",""value"":""*/*""},{""name"":""Cache-Control"",""value"":""no-cache""},{""name"":""Postman-Token"",""value"":""3acdb455-0e7f-4458-b2e8-600617efc56a""},{""name"":""Host"",""value"":""d34x0pywpzori4.cloudfront.net""},{""name"":""Accept-Encoding"",""value"":""gzip, deflate, br""},{""name"":""Connection"",""value"":""keep-alive""}],""uri"":""/"",""args"":""tziki=tziki"",""httpVersion"":""HTTP/1.1"",""httpMethod"":""GET"",""requestId"":""taYV_ydWnwTqhaRNaZJIiJFQsI2jH96Vj7HAALauvrxWLSkoBX2SNg==""},""ja3Fingerprint"":""51bddd625044f75a235ba857ac8b0145"",""ja4Fingerprint"":""t13d181100_5d04281c6031_ef7df7f74e48""}"
1.73996E+12,"{""timestamp"":1739959624814,""formatVersion"":1,""webaclId"":""arn:aws:wafv2:us-east-1:831926621722:global/webacl/demo/89bae2ff-962b-4291-8191-c80a84f2c8da"",""terminatingRuleId"":""tziki-rule"",""terminatingRuleType"":""REGULAR"",""action"":""BLOCK"",""terminatingRuleMatchDetails"":[],""httpSourceName"":""CF"",""httpSourceId"":""E34E78V0LS84QR"",""ruleGroupList"":[{""ruleGroupId"":""AWS#AWSManagedRulesAmazonIpReputationList"",""terminatingRule"":null,""nonTerminatingMatchingRules"":[],""excludedRules"":null,""customerConfig"":null},{""ruleGroupId"":""AWS#AWSManagedRulesSQLiRuleSet"",""terminatingRule"":null,""nonTerminatingMatchingRules"":[],""excludedRules"":null,""customerConfig"":null}],""rateBasedRuleList"":[],""nonTerminatingMatchingRules"":[],""requestHeadersInserted"":null,""responseCodeSent"":null,""httpRequest"":{""clientIp"":""84.110.105.79"",""country"":""IL"",""headers"":[{""name"":""User-Agent"",""value"":""PostmanRuntime/7.43.0""},{""name"":""Accept"",""value"":""*/*""},{""name"":""Cache-Control"",""value"":""no-cache""},{""name"":""Postman-Token"",""value"":""ecf5ff78-fc95-4086-8fc1-c1a5fc92b3fa""},{""name"":""Host"",""value"":""d34x0pywpzori4.cloudfront.net""},{""name"":""Accept-Encoding"",""value"":""gzip, deflate, br""},{""name"":""Connection"",""value"":""keep-alive""}],""uri"":""/"",""args"":""tziki=tziki"",""httpVersion"":""HTTP/1.1"",""httpMethod"":""GET"",""requestId"":""ghWjwi3twXqh0fzwuMb0F7yGAhe51Du7T3ePjTzKnKn3ZSKKNpO1eQ==""},""ja3Fingerprint"":""51bddd625044f75a235ba857ac8b0145"",""ja4Fingerprint"":""t13d181100_5d04281c6031_ef7df7f74e48""}"
1.73996E+12,"{""timestamp"":1739959636425,""formatVersion"":1,""webaclId"":""arn:aws:wafv2:us-east-1:831926621722:global/webacl/demo/89bae2ff-962b-4291-8191-c80a84f2c8da"",""terminatingRuleId"":""tziki-rule"",""terminatingRuleType"":""REGULAR"",""action"":""BLOCK"",""terminatingRuleMatchDetails"":[],""httpSourceName"":""CF"",""httpSourceId"":""E34E78V0LS84QR"",""ruleGroupList"":[{""ruleGroupId"":""AWS#AWSManagedRulesAmazonIpReputationList"",""terminatingRule"":null,""nonTerminatingMatchingRules"":[],""excludedRules"":null,""customerConfig"":null},{""ruleGroupId"":""AWS#AWSManagedRulesSQLiRuleSet"",""terminatingRule"":null,""nonTerminatingMatchingRules"":[],""excludedRules"":null,""customerConfig"":null}],""rateBasedRuleList"":[],""nonTerminatingMatchingRules"":[],""requestHeadersInserted"":null,""responseCodeSent"":null,""httpRequest"":{""clientIp"":""84.110.105.79"",""country"":""IL"",""headers"":[{""name"":""host"",""value"":""d34x0pywpzori4.cloudfront.net""},{""name"":""sec-ch-ua"",""value"":""\""Not A(Brand\"";v=\""8\"", \""Chromium\"";v=\""132\"", \""Google Chrome\"";v=\""132\""""},{""name"":""sec-ch-ua-mobile"",""value"":""?0""},{""name"":""sec-ch-ua-platform"",""value"":""\""Windows\""""},{""name"":""upgrade-insecure-requests"",""value"":""1""},{""name"":""user-agent"",""value"":""Mozilla/5.0 (Windows NT 10.0; Win64; x64) AppleWebKit/537.36 (KHTML, like Gecko) Chrome/132.0.0.0 Safari/537.36""},{""name"":""accept"",""value"":""text/html,application/xhtml+xml,application/xml;q=0.9,image/avif,image/webp,image/apng,*/*;q=0.8,application/signed-exchange;v=b3;q=0.7""},{""name"":""sec-fetch-site"",""value"":""none""},{""name"":""sec-fetch-mode"",""value"":""navigate""},{""name"":""sec-fetch-user"",""value"":""?1""},{""name"":""sec-fetch-dest"",""value"":""document""},{""name"":""accept-encoding"",""value"":""gzip, deflate, br, zstd""},{""name"":""accept-language"",""value"":""he,en-US;q=0.9,en;q=0.8""},{""name"":""priority"",""value"":""u=0, i""}],""uri"":""/"",""args"":""tziki=tziki"",""httpVersion"":""HTTP/2.0"",""httpMethod"":""GET"",""requestId"":""9mssxVpg71blpe3OpI_nYYzB8hIUEN6B7N033IY5e1nQv6Yr-ZQadw==""},""ja3Fingerprint"":""9dd45362a77baeb00162dc433d5a871e"",""ja4Fingerprint"":""t13d1516h2_8daaf6152771_d8a2da3f94cd""}"
1.73996E+12,"{""timestamp"":1739959636608,""formatVersion"":1,""webaclId"":""arn:aws:wafv2:us-east-1:831926621722:global/webacl/demo/89bae2ff-962b-4291-8191-c80a84f2c8da"",""terminatingRuleId"":""Default_Action"",""terminatingRuleType"":""REGULAR"",""action"":""ALLOW"",""terminatingRuleMatchDetails"":[],""httpSourceName"":""CF"",""httpSourceId"":""E34E78V0LS84QR"",""ruleGroupList"":[{""ruleGroupId"":""AWS#AWSManagedRulesAmazonIpReputationList"",""terminatingRule"":null,""nonTerminatingMatchingRules"":[],""excludedRules"":null,""customerConfig"":null},{""ruleGroupId"":""AWS#AWSManagedRulesSQLiRuleSet"",""terminatingRule"":null,""nonTerminatingMatchingRules"":[],""excludedRules"":null,""customerConfig"":null}],""rateBasedRuleList"":[],""nonTerminatingMatchingRules"":[],""requestHeadersInserted"":null,""responseCodeSent"":null,""httpRequest"":{""clientIp"":""84.110.105.79"",""country"":""IL"",""headers"":[{""name"":""host"",""value"":""d34x0pywpzori4.cloudfront.net""},{""name"":""sec-ch-ua-platform"",""value"":""\""Windows\""""},{""name"":""user-agent"",""value"":""Mozilla/5.0 (Windows NT 10.0; Win64; x64) AppleWebKit/537.36 (KHTML, like Gecko) Chrome/132.0.0.0 Safari/537.36""},{""name"":""sec-ch-ua"",""value"":""\""Not A(Brand\"";v=\""8\"", \""Chromium\"";v=\""132\"", \""Google Chrome\"";v=\""132\""""},{""name"":""sec-ch-ua-mobile"",""value"":""?0""},{""name"":""accept"",""value"":""image/avif,image/webp,image/apng,image/svg+xml,image/*,*/*;q=0.8""},{""name"":""sec-fetch-site"",""value"":""same-origin""},{""name"":""sec-fetch-mode"",""value"":""no-cors""},{""name"":""sec-fetch-dest"",""value"":""image""},{""name"":""referer"",""value"":""https://d34x0pywpzori4.cloudfront.net/?tziki=tziki""},{""name"":""accept-encoding"",""value"":""gzip, deflate, br, zstd""},{""name"":""accept-language"",""value"":""he,en-US;q=0.9,en;q=0.8""},{""name"":""priority"",""value"":""u=1, i""}],""uri"":""/favicon.ico"",""args"":"""",""httpVersion"":""HTTP/2.0"",""httpMethod"":""GET"",""requestId"":""zBg2bMN_ziq-c5Auzonz3yQVmpLimcGCYhyuTk65bmFOzHAl5b1MSQ==""},""ja3Fingerprint"":""9dd45362a77baeb00162dc433d5a871e"",""ja4Fingerprint"":""t13d1516h2_8daaf6152771_d8a2da3f94cd""}"
1.73996E+12,"{""timestamp"":1739959766250,""formatVersion"":1,""webaclId"":""arn:aws:wafv2:us-east-1:831926621722:global/webacl/demo/89bae2ff-962b-4291-8191-c80a84f2c8da"",""terminatingRuleId"":""Default_Action"",""terminatingRuleType"":""REGULAR"",""action"":""ALLOW"",""terminatingRuleMatchDetails"":[],""httpSourceName"":""CF"",""httpSourceId"":""E34E78V0LS84QR"",""ruleGroupList"":[{""ruleGroupId"":""AWS#AWSManagedRulesAmazonIpReputationList"",""terminatingRule"":null,""nonTerminatingMatchingRules"":[],""excludedRules"":null,""customerConfig"":null},{""ruleGroupId"":""AWS#AWSManagedRulesSQLiRuleSet"",""terminatingRule"":null,""nonTerminatingMatchingRules"":[],""excludedRules"":null,""customerConfig"":null}],""rateBasedRuleList"":[],""nonTerminatingMatchingRules"":[],""requestHeadersInserted"":null,""responseCodeSent"":null,""httpRequest"":{""clientIp"":""84.110.105.79"",""country"":""IL"",""headers"":[{""name"":""host"",""value"":""d34x0pywpzori4.cloudfront.net""},{""name"":""sec-ch-ua"",""value"":""\""Not A(Brand\"";v=\""8\"", \""Chromium\"";v=\""132\"", \""Google Chrome\"";v=\""132\""""},{""name"":""sec-ch-ua-mobile"",""value"":""?0""},{""name"":""sec-ch-ua-platform"",""value"":""\""Windows\""""},{""name"":""upgrade-insecure-requests"",""value"":""1""},{""name"":""user-agent"",""value"":""Mozilla/5.0 (Windows NT 10.0; Win64; x64) AppleWebKit/537.36 (KHTML, like Gecko) Chrome/132.0.0.0 Safari/537.36""},{""name"":""accept"",""value"":""text/html,application/xhtml+xml,application/xml;q=0.9,image/avif,image/webp,image/apng,*/*;q=0.8,application/signed-exchange;v=b3;q=0.7""},{""name"":""sec-fetch-site"",""value"":""none""},{""name"":""sec-fetch-mode"",""value"":""navigate""},{""name"":""sec-fetch-user"",""value"":""?1""},{""name"":""sec-fetch-dest"",""value"":""document""},{""name"":""accept-encoding"",""value"":""gzip, deflate, br, zstd""},{""name"":""accept-language"",""value"":""he,en-US;q=0.9,en;q=0.8""},{""name"":""priority"",""value"":""u=0, i""}],""uri"":""/"",""args"":""1%20=%201"",""httpVersion"":""HTTP/2.0"",""httpMethod"":""GET"",""requestId"":""GLKJSeBI82xL8CtTkI_JVnVgOqbtHYPSDQJ2TvANBKDVSTTCUjnzIQ==""},""ja3Fingerprint"":""9dd45362a77baeb00162dc433d5a871e"",""ja4Fingerprint"":""t13d1516h2_8daaf6152771_d8a2da3f94cd""}"
1.73996E+12,"{""timestamp"":1739959766639,""formatVersion"":1,""webaclId"":""arn:aws:wafv2:us-east-1:831926621722:global/webacl/demo/89bae2ff-962b-4291-8191-c80a84f2c8da"",""terminatingRuleId"":""Default_Action"",""terminatingRuleType"":""REGULAR"",""action"":""ALLOW"",""terminatingRuleMatchDetails"":[],""httpSourceName"":""CF"",""httpSourceId"":""E34E78V0LS84QR"",""ruleGroupList"":[{""ruleGroupId"":""AWS#AWSManagedRulesAmazonIpReputationList"",""terminatingRule"":null,""nonTerminatingMatchingRules"":[],""excludedRules"":null,""customerConfig"":null},{""ruleGroupId"":""AWS#AWSManagedRulesSQLiRuleSet"",""terminatingRule"":null,""nonTerminatingMatchingRules"":[],""excludedRules"":null,""customerConfig"":null}],""rateBasedRuleList"":[],""nonTerminatingMatchingRules"":[],""requestHeadersInserted"":null,""responseCodeSent"":null,""httpRequest"":{""clientIp"":""84.110.105.79"",""country"":""IL"",""headers"":[{""name"":""host"",""value"":""d34x0pywpzori4.cloudfront.net""},{""name"":""sec-ch-ua-platform"",""value"":""\""Windows\""""},{""name"":""user-agent"",""value"":""Mozilla/5.0 (Windows NT 10.0; Win64; x64) AppleWebKit/537.36 (KHTML, like Gecko) Chrome/132.0.0.0 Safari/537.36""},{""name"":""sec-ch-ua"",""value"":""\""Not A(Brand\"";v=\""8\"", \""Chromium\"";v=\""132\"", \""Google Chrome\"";v=\""132\""""},{""name"":""sec-ch-ua-mobile"",""value"":""?0""},{""name"":""accept"",""value"":""image/avif,image/webp,image/apng,image/svg+xml,image/*,*/*;q=0.8""},{""name"":""sec-fetch-site"",""value"":""same-origin""},{""name"":""sec-fetch-mode"",""value"":""no-cors""},{""name"":""sec-fetch-dest"",""value"":""image""},{""name"":""referer"",""value"":""https://d34x0pywpzori4.cloudfront.net/?1%20=%201""},{""name"":""accept-encoding"",""value"":""gzip, deflate, br, zstd""},{""name"":""accept-language"",""value"":""he,en-US;q=0.9,en;q=0.8""},{""name"":""priority"",""value"":""u=1, i""}],""uri"":""/favicon.ico"",""args"":"""",""httpVersion"":""HTTP/2.0"",""httpMethod"":""GET"",""requestId"":""PTvN95_b2VcVfdVnVnCXPdZoOG0UpU7pSH2rU3rHNUjfLU9f8gtFUQ==""},""ja3Fingerprint"":""9dd45362a77baeb00162dc433d5a871e"",""ja4Fingerprint"":""t13d1516h2_8daaf6152771_d8a2da3f94cd""}"
1.73996E+12,"{""timestamp"":1739959772993,""formatVersion"":1,""webaclId"":""arn:aws:wafv2:us-east-1:831926621722:global/webacl/demo/89bae2ff-962b-4291-8191-c80a84f2c8da"",""terminatingRuleId"":""Default_Action"",""terminatingRuleType"":""REGULAR"",""action"":""ALLOW"",""terminatingRuleMatchDetails"":[],""httpSourceName"":""CF"",""httpSourceId"":""E34E78V0LS84QR"",""ruleGroupList"":[{""ruleGroupId"":""AWS#AWSManagedRulesAmazonIpReputationList"",""terminatingRule"":null,""nonTerminatingMatchingRules"":[],""excludedRules"":null,""customerConfig"":null},{""ruleGroupId"":""AWS#AWSManagedRulesSQLiRuleSet"",""terminatingRule"":null,""nonTerminatingMatchingRules"":[],""excludedRules"":null,""customerConfig"":null}],""rateBasedRuleList"":[],""nonTerminatingMatchingRules"":[],""requestHeadersInserted"":null,""responseCodeSent"":null,""httpRequest"":{""clientIp"":""84.110.105.79"",""country"":""IL"",""headers"":[{""name"":""host"",""value"":""d34x0pywpzori4.cloudfront.net""},{""name"":""sec-ch-ua"",""value"":""\""Not A(Brand\"";v=\""8\"", \""Chromium\"";v=\""132\"", \""Google Chrome\"";v=\""132\""""},{""name"":""sec-ch-ua-mobile"",""value"":""?0""},{""name"":""sec-ch-ua-platform"",""value"":""\""Windows\""""},{""name"":""upgrade-insecure-requests"",""value"":""1""},{""name"":""user-agent"",""value"":""Mozilla/5.0 (Windows NT 10.0; Win64; x64) AppleWebKit/537.36 (KHTML, like Gecko) Chrome/132.0.0.0 Safari/537.36""},{""name"":""accept"",""value"":""text/html,application/xhtml+xml,application/xml;q=0.9,image/avif,image/webp,image/apng,*/*;q=0.8,application/signed-exchange;v=b3;q=0.7""},{""name"":""sec-fetch-site"",""value"":""none""},{""name"":""sec-fetch-mode"",""value"":""navigate""},{""name"":""sec-fetch-user"",""value"":""?1""},{""name"":""sec-fetch-dest"",""value"":""document""},{""name"":""accept-encoding"",""value"":""gzip, deflate, br, zstd""},{""name"":""accept-language"",""value"":""he,en-US;q=0.9,en;q=0.8""},{""name"":""priority"",""value"":""u=0, i""}],""uri"":""/1%20=%201"",""args"":"""",""httpVersion"":""HTTP/2.0"",""httpMethod"":""GET"",""requestId"":""U7WuOCwJSp5YZzaDJfXzqUaogBtj9mIDZZomnZMFvDiaer-tC568Zw==""},""ja3Fingerprint"":""9dd45362a77baeb00162dc433d5a871e"",""ja4Fingerprint"":""t13d1516h2_8daaf6152771_d8a2da3f94cd""}"
1.73996E+12,"{""timestamp"":1739959773382,""formatVersion"":1,""webaclId"":""arn:aws:wafv2:us-east-1:831926621722:global/webacl/demo/89bae2ff-962b-4291-8191-c80a84f2c8da"",""terminatingRuleId"":""Default_Action"",""terminatingRuleType"":""REGULAR"",""action"":""ALLOW"",""terminatingRuleMatchDetails"":[],""httpSourceName"":""CF"",""httpSourceId"":""E34E78V0LS84QR"",""ruleGroupList"":[{""ruleGroupId"":""AWS#AWSManagedRulesAmazonIpReputationList"",""terminatingRule"":null,""nonTerminatingMatchingRules"":[],""excludedRules"":null,""customerConfig"":null},{""ruleGroupId"":""AWS#AWSManagedRulesSQLiRuleSet"",""terminatingRule"":null,""nonTerminatingMatchingRules"":[],""excludedRules"":null,""customerConfig"":null}],""rateBasedRuleList"":[],""nonTerminatingMatchingRules"":[],""requestHeadersInserted"":null,""responseCodeSent"":null,""httpRequest"":{""clientIp"":""84.110.105.79"",""country"":""IL"",""headers"":[{""name"":""host"",""value"":""d34x0pywpzori4.cloudfront.net""},{""name"":""sec-ch-ua-platform"",""value"":""\""Windows\""""},{""name"":""user-agent"",""value"":""Mozilla/5.0 (Windows NT 10.0; Win64; x64) AppleWebKit/537.36 (KHTML, like Gecko) Chrome/132.0.0.0 Safari/537.36""},{""name"":""sec-ch-ua"",""value"":""\""Not A(Brand\"";v=\""8\"", \""Chromium\"";v=\""132\"", \""Google Chrome\"";v=\""132\""""},{""name"":""sec-ch-ua-mobile"",""value"":""?0""},{""name"":""accept"",""value"":""image/avif,image/webp,image/apng,image/svg+xml,image/*,*/*;q=0.8""},{""name"":""sec-fetch-site"",""value"":""same-origin""},{""name"":""sec-fetch-mode"",""value"":""no-cors""},{""name"":""sec-fetch-dest"",""value"":""image""},{""name"":""referer"",""value"":""https://d34x0pywpzori4.cloudfront.net/1%20=%201""},{""name"":""accept-encoding"",""value"":""gzip, deflate, br, zstd""},{""name"":""accept-language"",""value"":""he,en-US;q=0.9,en;q=0.8""},{""name"":""priority"",""value"":""u=1, i""}],""uri"":""/favicon.ico"",""args"":"""",""httpVersion"":""HTTP/2.0"",""httpMethod"":""GET"",""requestId"":""J1-LhVdRn26fNZIAW4VEA5sDY7tZdPH1usC97HAdVrP6tFiVeOzEIQ==""},""ja3Fingerprint"":""9dd45362a77baeb00162dc433d5a871e"",""ja4Fingerprint"":""t13d1516h2_8daaf6152771_d8a2da3f94cd""}"
1.73996E+12,"{""timestamp"":1739959786021,""formatVersion"":1,""webaclId"":""arn:aws:wafv2:us-east-1:831926621722:global/webacl/demo/89bae2ff-962b-4291-8191-c80a84f2c8da"",""terminatingRuleId"":""Default_Action"",""terminatingRuleType"":""REGULAR"",""action"":""ALLOW"",""terminatingRuleMatchDetails"":[],""httpSourceName"":""CF"",""httpSourceId"":""E34E78V0LS84QR"",""ruleGroupList"":[{""ruleGroupId"":""AWS#AWSManagedRulesAmazonIpReputationList"",""terminatingRule"":null,""nonTerminatingMatchingRules"":[],""excludedRules"":null,""customerConfig"":null},{""ruleGroupId"":""AWS#AWSManagedRulesSQLiRuleSet"",""terminatingRule"":null,""nonTerminatingMatchingRules"":[],""excludedRules"":null,""customerConfig"":null}],""rateBasedRuleList"":[],""nonTerminatingMatchingRules"":[],""requestHeadersInserted"":null,""responseCodeSent"":null,""httpRequest"":{""clientIp"":""84.110.105.79"",""country"":""IL"",""headers"":[{""name"":""host"",""value"":""d34x0pywpzori4.cloudfront.net""},{""name"":""sec-ch-ua"",""value"":""\""Not A(Brand\"";v=\""8\"", \""Chromium\"";v=\""132\"", \""Google Chrome\"";v=\""132\""""},{""name"":""sec-ch-ua-mobile"",""value"":""?0""},{""name"":""sec-ch-ua-platform"",""value"":""\""Windows\""""},{""name"":""upgrade-insecure-requests"",""value"":""1""},{""name"":""user-agent"",""value"":""Mozilla/5.0 (Windows NT 10.0; Win64; x64) AppleWebKit/537.36 (KHTML, like Gecko) Chrome/132.0.0.0 Safari/537.36""},{""name"":""accept"",""value"":""text/html,application/xhtml+xml,application/xml;q=0.9,image/avif,image/webp,image/apng,*/*;q=0.8,application/signed-exchange;v=b3;q=0.7""},{""name"":""sec-fetch-site"",""value"":""none""},{""name"":""sec-fetch-mode"",""value"":""navigate""},{""name"":""sec-fetch-user"",""value"":""?1""},{""name"":""sec-fetch-dest"",""value"":""document""},{""name"":""accept-encoding"",""value"":""gzip, deflate, br, zstd""},{""name"":""accept-language"",""value"":""he,en-US;q=0.9,en;q=0.8""},{""name"":""priority"",""value"":""u=0, i""}],""uri"":""/"",""args"":""%201%20=%201"",""httpVersion"":""HTTP/2.0"",""httpMethod"":""GET"",""requestId"":""7lGUfr-Wv6y8MNElaT7kw_89ifRtHgA_J8RsYsIlmzMte0GC-1ujMw==""},""ja3Fingerprint"":""9dd45362a77baeb00162dc433d5a871e"",""ja4Fingerprint"":""t13d1516h2_8daaf6152771_d8a2da3f94cd""}"
1.73996E+12,"{""timestamp"":1739959786290,""formatVersion"":1,""webaclId"":""arn:aws:wafv2:us-east-1:831926621722:global/webacl/demo/89bae2ff-962b-4291-8191-c80a84f2c8da"",""terminatingRuleId"":""Default_Action"",""terminatingRuleType"":""REGULAR"",""action"":""ALLOW"",""terminatingRuleMatchDetails"":[],""httpSourceName"":""CF"",""httpSourceId"":""E34E78V0LS84QR"",""ruleGroupList"":[{""ruleGroupId"":""AWS#AWSManagedRulesAmazonIpReputationList"",""terminatingRule"":null,""nonTerminatingMatchingRules"":[],""excludedRules"":null,""customerConfig"":null},{""ruleGroupId"":""AWS#AWSManagedRulesSQLiRuleSet"",""terminatingRule"":null,""nonTerminatingMatchingRules"":[],""excludedRules"":null,""customerConfig"":null}],""rateBasedRuleList"":[],""nonTerminatingMatchingRules"":[],""requestHeadersInserted"":null,""responseCodeSent"":null,""httpRequest"":{""clientIp"":""84.110.105.79"",""country"":""IL"",""headers"":[{""name"":""host"",""value"":""d34x0pywpzori4.cloudfront.net""},{""name"":""sec-ch-ua-platform"",""value"":""\""Windows\""""},{""name"":""user-agent"",""value"":""Mozilla/5.0 (Windows NT 10.0; Win64; x64) AppleWebKit/537.36 (KHTML, like Gecko) Chrome/132.0.0.0 Safari/537.36""},{""name"":""sec-ch-ua"",""value"":""\""Not A(Brand\"";v=\""8\"", \""Chromium\"";v=\""132\"", \""Google Chrome\"";v=\""132\""""},{""name"":""sec-ch-ua-mobile"",""value"":""?0""},{""name"":""accept"",""value"":""image/avif,image/webp,image/apng,image/svg+xml,image/*,*/*;q=0.8""},{""name"":""sec-fetch-site"",""value"":""same-origin""},{""name"":""sec-fetch-mode"",""value"":""no-cors""},{""name"":""sec-fetch-dest"",""value"":""image""},{""name"":""referer"",""value"":""https://d34x0pywpzori4.cloudfront.net/?%201%20=%201""},{""name"":""accept-encoding"",""value"":""gzip, deflate, br, zstd""},{""name"":""accept-language"",""value"":""he,en-US;q=0.9,en;q=0.8""},{""name"":""priority"",""value"":""u=1, i""}],""uri"":""/favicon.ico"",""args"":"""",""httpVersion"":""HTTP/2.0"",""httpMethod"":""GET"",""requestId"":""1l7LX-JXjnPIRZGVKVkZ4vRaZach3h7-0cuh9piT1RPKzrbwzFvaKA==""},""ja3Fingerprint"":""9dd45362a77baeb00162dc433d5a871e"",""ja4Fingerprint"":""t13d1516h2_8daaf6152771_d8a2da3f94cd""}"
1.73996E+12,"{""timestamp"":1739959805565,""formatVersion"":1,""webaclId"":""arn:aws:wafv2:us-east-1:831926621722:global/webacl/demo/89bae2ff-962b-4291-8191-c80a84f2c8da"",""terminatingRuleId"":""Default_Action"",""terminatingRuleType"":""REGULAR"",""action"":""ALLOW"",""terminatingRuleMatchDetails"":[],""httpSourceName"":""CF"",""httpSourceId"":""E34E78V0LS84QR"",""ruleGroupList"":[{""ruleGroupId"":""AWS#AWSManagedRulesAmazonIpReputationList"",""terminatingRule"":null,""nonTerminatingMatchingRules"":[],""excludedRules"":null,""customerConfig"":null},{""ruleGroupId"":""AWS#AWSManagedRulesSQLiRuleSet"",""terminatingRule"":null,""nonTerminatingMatchingRules"":[],""excludedRules"":null,""customerConfig"":null}],""rateBasedRuleList"":[],""nonTerminatingMatchingRules"":[],""requestHeadersInserted"":null,""responseCodeSent"":null,""httpRequest"":{""clientIp"":""84.110.105.79"",""country"":""IL"",""headers"":[{""name"":""host"",""value"":""d34x0pywpzori4.cloudfront.net""},{""name"":""sec-ch-ua"",""value"":""\""Not A(Brand\"";v=\""8\"", \""Chromium\"";v=\""132\"", \""Google Chrome\"";v=\""132\""""},{""name"":""sec-ch-ua-mobile"",""value"":""?0""},{""name"":""sec-ch-ua-platform"",""value"":""\""Windows\""""},{""name"":""upgrade-insecure-requests"",""value"":""1""},{""name"":""user-agent"",""value"":""Mozilla/5.0 (Windows NT 10.0; Win64; x64) AppleWebKit/537.36 (KHTML, like Gecko) Chrome/132.0.0.0 Safari/537.36""},{""name"":""accept"",""value"":""text/html,application/xhtml+xml,application/xml;q=0.9,image/avif,image/webp,image/apng,*/*;q=0.8,application/signed-exchange;v=b3;q=0.7""},{""name"":""sec-fetch-site"",""value"":""none""},{""name"":""sec-fetch-mode"",""value"":""navigate""},{""name"":""sec-fetch-user"",""value"":""?1""},{""name"":""sec-fetch-dest"",""value"":""document""},{""name"":""accept-encoding"",""value"":""gzip, deflate, br, zstd""},{""name"":""accept-language"",""value"":""he,en-US;q=0.9,en;q=0.8""},{""name"":""priority"",""value"":""u=0, i""}],""uri"":""/"",""args"":""SELECT%20*%20FROM%20DATABASE"",""httpVersion"":""HTTP/2.0"",""httpMethod"":""GET"",""requestId"":""rt95nN7SHBGpzVNRp9S0P7ZZk-1OMAxW_qQcX0x5RN_ZT_0qe2FFdQ==""},""ja3Fingerprint"":""9dd45362a77baeb00162dc433d5a871e"",""ja4Fingerprint"":""t13d1516h2_8daaf6152771_d8a2da3f94cd""}"
1.73996E+12,"{""timestamp"":1739959805860,""formatVersion"":1,""webaclId"":""arn:aws:wafv2:us-east-1:831926621722:global/webacl/demo/89bae2ff-962b-4291-8191-c80a84f2c8da"",""terminatingRuleId"":""Default_Action"",""terminatingRuleType"":""REGULAR"",""action"":""ALLOW"",""terminatingRuleMatchDetails"":[],""httpSourceName"":""CF"",""httpSourceId"":""E34E78V0LS84QR"",""ruleGroupList"":[{""ruleGroupId"":""AWS#AWSManagedRulesAmazonIpReputationList"",""terminatingRule"":null,""nonTerminatingMatchingRules"":[],""excludedRules"":null,""customerConfig"":null},{""ruleGroupId"":""AWS#AWSManagedRulesSQLiRuleSet"",""terminatingRule"":null,""nonTerminatingMatchingRules"":[],""excludedRules"":null,""customerConfig"":null}],""rateBasedRuleList"":[],""nonTerminatingMatchingRules"":[],""requestHeadersInserted"":null,""responseCodeSent"":null,""httpRequest"":{""clientIp"":""84.110.105.79"",""country"":""IL"",""headers"":[{""name"":""host"",""value"":""d34x0pywpzori4.cloudfront.net""},{""name"":""sec-ch-ua-platform"",""value"":""\""Windows\""""},{""name"":""user-agent"",""value"":""Mozilla/5.0 (Windows NT 10.0; Win64; x64) AppleWebKit/537.36 (KHTML, like Gecko) Chrome/132.0.0.0 Safari/537.36""},{""name"":""sec-ch-ua"",""value"":""\""Not A(Brand\"";v=\""8\"", \""Chromium\"";v=\""132\"", \""Google Chrome\"";v=\""132\""""},{""name"":""sec-ch-ua-mobile"",""value"":""?0""},{""name"":""accept"",""value"":""image/avif,image/webp,image/apng,image/svg+xml,image/*,*/*;q=0.8""},{""name"":""sec-fetch-site"",""value"":""same-origin""},{""name"":""sec-fetch-mode"",""value"":""no-cors""},{""name"":""sec-fetch-dest"",""value"":""image""},{""name"":""referer"",""value"":""https://d34x0pywpzori4.cloudfront.net/?SELECT%20*%20FROM%20DATABASE""},{""name"":""accept-encoding"",""value"":""gzip, deflate, br, zstd""},{""name"":""accept-language"",""value"":""he,en-US;q=0.9,en;q=0.8""},{""name"":""priority"",""value"":""u=1, i""}],""uri"":""/favicon.ico"",""args"":"""",""httpVersion"":""HTTP/2.0"",""httpMethod"":""GET"",""requestId"":""mvVMLKQ2SYnFCGlEKJqZrtFPBxCf9C1zaVTRzlJj6_Jo__iiRC4WJg==""},""ja3Fingerprint"":""9dd45362a77baeb00162dc433d5a871e"",""ja4Fingerprint"":""t13d1516h2_8daaf6152771_d8a2da3f94cd""}"
1.73996E+12,"{""timestamp"":1739959863748,""formatVersion"":1,""webaclId"":""arn:aws:wafv2:us-east-1:831926621722:global/webacl/demo/89bae2ff-962b-4291-8191-c80a84f2c8da"",""terminatingRuleId"":""AWS-AWSManagedRulesSQLiRuleSet"",""terminatingRuleType"":""MANAGED_RULE_GROUP"",""action"":""BLOCK"",""terminatingRuleMatchDetails"":[{""conditionType"":""SQL_INJECTION"",""location"":""ALL_QUERY_ARGS"",""matchedData"":[""1"",""UNION"",""SELECT"",""username"",""FROM""],""matchedFieldName"":""id"",""sensitivityLevel"":""LOW""}],""httpSourceName"":""CF"",""httpSourceId"":""E34E78V0LS84QR"",""ruleGroupList"":[{""ruleGroupId"":""AWS#AWSManagedRulesAmazonIpReputationList"",""terminatingRule"":null,""nonTerminatingMatchingRules"":[],""excludedRules"":null,""customerConfig"":null},{""ruleGroupId"":""AWS#AWSManagedRulesSQLiRuleSet"",""terminatingRule"":{""ruleId"":""SQLi_QUERYARGUMENTS"",""action"":""BLOCK"",""ruleMatchDetails"":null},""nonTerminatingMatchingRules"":[],""excludedRules"":null,""customerConfig"":null}],""rateBasedRuleList"":[],""nonTerminatingMatchingRules"":[],""requestHeadersInserted"":null,""responseCodeSent"":null,""httpRequest"":{""clientIp"":""84.110.105.79"",""country"":""IL"",""headers"":[{""name"":""host"",""value"":""d34x0pywpzori4.cloudfront.net""},{""name"":""sec-ch-ua"",""value"":""\""Not A(Brand\"";v=\""8\"", \""Chromium\"";v=\""132\"", \""Google Chrome\"";v=\""132\""""},{""name"":""sec-ch-ua-mobile"",""value"":""?0""},{""name"":""sec-ch-ua-platform"",""value"":""\""Windows\""""},{""name"":""upgrade-insecure-requests"",""value"":""1""},{""name"":""user-agent"",""value"":""Mozilla/5.0 (Windows NT 10.0; Win64; x64) AppleWebKit/537.36 (KHTML, like Gecko) Chrome/132.0.0.0 Safari/537.36""},{""name"":""accept"",""value"":""text/html,application/xhtml+xml,application/xml;q=0.9,image/avif,image/webp,image/apng,*/*;q=0.8,application/signed-exchange;v=b3;q=0.7""},{""name"":""sec-fetch-site"",""value"":""none""},{""name"":""sec-fetch-mode"",""value"":""navigate""},{""name"":""sec-fetch-user"",""value"":""?1""},{""name"":""sec-fetch-dest"",""value"":""document""},{""name"":""accept-encoding"",""value"":""gzip, deflate, br, zstd""},{""name"":""accept-language"",""value"":""he,en-US;q=0.9,en;q=0.8""},{""name"":""priority"",""value"":""u=0, i""}],""uri"":""/"",""args"":""id=1%20UNION%20SELECT%20username,%20password%20FROM%20users"",""httpVersion"":""HTTP/2.0"",""httpMethod"":""GET"",""requestId"":""LnIj7NMGDtn69KdhZG5TGnDXJWTr3MZ1xqc6BJKmwDDmqi-iAJNr6w==""},""labels"":[{""name"":""awswaf:managed:aws:sql-database:SQLi_QueryArguments""}],""ja3Fingerprint"":""cb8736cb56bf22e5cf108d37eaf39132"",""ja4Fingerprint"":""t13d1517h2_8daaf6152771_b6f405a00624""}"
1.73996E+12,"{""timestamp"":1739959863837,""formatVersion"":1,""webaclId"":""arn:aws:wafv2:us-east-1:831926621722:global/webacl/demo/89bae2ff-962b-4291-8191-c80a84f2c8da"",""terminatingRuleId"":""Default_Action"",""terminatingRuleType"":""REGULAR"",""action"":""ALLOW"",""terminatingRuleMatchDetails"":[],""httpSourceName"":""CF"",""httpSourceId"":""E34E78V0LS84QR"",""ruleGroupList"":[{""ruleGroupId"":""AWS#AWSManagedRulesAmazonIpReputationList"",""terminatingRule"":null,""nonTerminatingMatchingRules"":[],""excludedRules"":null,""customerConfig"":null},{""ruleGroupId"":""AWS#AWSManagedRulesSQLiRuleSet"",""terminatingRule"":null,""nonTerminatingMatchingRules"":[],""excludedRules"":null,""customerConfig"":null}],""rateBasedRuleList"":[],""nonTerminatingMatchingRules"":[],""requestHeadersInserted"":null,""responseCodeSent"":null,""httpRequest"":{""clientIp"":""84.110.105.79"",""country"":""IL"",""headers"":[{""name"":""host"",""value"":""d34x0pywpzori4.cloudfront.net""},{""name"":""sec-ch-ua-platform"",""value"":""\""Windows\""""},{""name"":""user-agent"",""value"":""Mozilla/5.0 (Windows NT 10.0; Win64; x64) AppleWebKit/537.36 (KHTML, like Gecko) Chrome/132.0.0.0 Safari/537.36""},{""name"":""sec-ch-ua"",""value"":""\""Not A(Brand\"";v=\""8\"", \""Chromium\"";v=\""132\"", \""Google Chrome\"";v=\""132\""""},{""name"":""sec-ch-ua-mobile"",""value"":""?0""},{""name"":""accept"",""value"":""image/avif,image/webp,image/apng,image/svg+xml,image/*,*/*;q=0.8""},{""name"":""sec-fetch-site"",""value"":""same-origin""},{""name"":""sec-fetch-mode"",""value"":""no-cors""},{""name"":""sec-fetch-dest"",""value"":""image""},{""name"":""referer"",""value"":""https://d34x0pywpzori4.cloudfront.net/?id=1%20UNION%20SELECT%20username,%20password%20FROM%20users""},{""name"":""accept-encoding"",""value"":""gzip, deflate, br, zstd""},{""name"":""accept-language"",""value"":""he,en-US;q=0.9,en;q=0.8""},{""name"":""priority"",""value"":""u=1, i""}],""uri"":""/favicon.ico"",""args"":"""",""httpVersion"":""HTTP/2.0"",""httpMethod"":""GET"",""requestId"":""jZu7biNWlDm96MKIPadn-XHTycTRlhbE3pobwr425qbeGktd129DHQ==""},""ja3Fingerprint"":""cb8736cb56bf22e5cf108d37eaf39132"",""ja4Fingerprint"":""t13d1517h2_8daaf6152771_b6f405a00624""}"
1.73997E+12,"{""timestamp"":1739966565759,""formatVersion"":1,""webaclId"":""arn:aws:wafv2:us-east-1:831926621722:global/webacl/demo/89bae2ff-962b-4291-8191-c80a84f2c8da"",""terminatingRuleId"":""Default_Action"",""terminatingRuleType"":""REGULAR"",""action"":""ALLOW"",""terminatingRuleMatchDetails"":[],""httpSourceName"":""CF"",""httpSourceId"":""E34E78V0LS84QR"",""ruleGroupList"":[{""ruleGroupId"":""AWS#AWSManagedRulesAmazonIpReputationList"",""terminatingRule"":null,""nonTerminatingMatchingRules"":[],""excludedRules"":null,""customerConfig"":null},{""ruleGroupId"":""AWS#AWSManagedRulesSQLiRuleSet"",""terminatingRule"":null,""nonTerminatingMatchingRules"":[],""excludedRules"":null,""customerConfig"":null}],""rateBasedRuleList"":[],""nonTerminatingMatchingRules"":[],""requestHeadersInserted"":null,""responseCodeSent"":null,""httpRequest"":{""clientIp"":""84.110.105.79"",""country"":""IL"",""headers"":[{""name"":""Host"",""value"":""d34x0pywpzori4.cloudfront.net""},{""name"":""User-Agent"",""value"":""Googlebot/2.1 (+http://www.google.com/bot.html)""},{""name"":""Accept"",""value"":""*/*""}],""uri"":""/"",""args"":"""",""httpVersion"":""HTTP/1.1"",""httpMethod"":""GET"",""requestId"":""VDXXIS_x82YkAnBt2nKrtezSIOcmtfUflgtlGiQuDuqc8qLemUtdIQ==""},""ja3Fingerprint"":""fae0e5d973c96ae1888b99538efa0363"",""ja4Fingerprint"":""t13d2013h1_2b729b4bf6f3_e24568c0d440""}"
1.73997E+12,"{""timestamp"":1739966841081,""formatVersion"":1,""webaclId"":""arn:aws:wafv2:us-east-1:831926621722:global/webacl/demo/89bae2ff-962b-4291-8191-c80a84f2c8da"",""terminatingRuleId"":""Default_Action"",""terminatingRuleType"":""REGULAR"",""action"":""ALLOW"",""terminatingRuleMatchDetails"":[],""httpSourceName"":""CF"",""httpSourceId"":""E34E78V0LS84QR"",""ruleGroupList"":[{""ruleGroupId"":""AWS#AWSManagedRulesAmazonIpReputationList"",""terminatingRule"":null,""nonTerminatingMatchingRules"":[],""excludedRules"":null,""customerConfig"":null},{""ruleGroupId"":""AWS#AWSManagedRulesSQLiRuleSet"",""terminatingRule"":null,""nonTerminatingMatchingRules"":[],""excludedRules"":null,""customerConfig"":null},{""ruleGroupId"":""AWS#AWSManagedRulesKnownBadInputsRuleSet"",""terminatingRule"":null,""nonTerminatingMatchingRules"":[],""excludedRules"":null,""customerConfig"":null},{""ruleGroupId"":""AWS#AWSManagedRulesAdminProtectionRuleSet"",""terminatingRule"":null,""nonTerminatingMatchingRules"":[],""excludedRules"":null,""customerConfig"":null},{""ruleGroupId"":""AWS#AWSManagedRulesWordPressRuleSet"",""terminatingRule"":null,""nonTerminatingMatchingRules"":[],""excludedRules"":null,""customerConfig"":null}],""rateBasedRuleList"":[],""nonTerminatingMatchingRules"":[],""requestHeadersInserted"":null,""responseCodeSent"":null,""httpRequest"":{""clientIp"":""84.110.105.79"",""country"":""IL"",""headers"":[{""name"":""User-Agent"",""value"":""PostmanRuntime/7.43.0""},{""name"":""Accept"",""value"":""*/*""},{""name"":""Cache-Control"",""value"":""no-cache""},{""name"":""Postman-Token"",""value"":""04e555d5-66f6-4faa-9fa0-2d462e9e7ef0""},{""name"":""Host"",""value"":""d34x0pywpzori4.cloudfront.net""},{""name"":""Accept-Encoding"",""value"":""gzip, deflate, br""},{""name"":""Connection"",""value"":""keep-alive""}],""uri"":""/"",""args"":""q=%3Cscript%3Ealert(%27XSS%27)%3C/script%3E"",""httpVersion"":""HTTP/1.1"",""httpMethod"":""GET"",""requestId"":""ifNhI1auD-PwjQvF5QZ8du_jqh80_OrrDohJWNFQYrtjSYvEEUVExA==""},""ja3Fingerprint"":""51bddd625044f75a235ba857ac8b0145"",""ja4Fingerprint"":""t13d181100_5d04281c6031_ef7df7f74e48""}"
1.73997E+12,"{""timestamp"":1739966862948,""formatVersion"":1,""webaclId"":""arn:aws:wafv2:us-east-1:831926621722:global/webacl/demo/89bae2ff-962b-4291-8191-c80a84f2c8da"",""terminatingRuleId"":""AWS-AWSManagedRulesAdminProtectionRuleSet"",""terminatingRuleType"":""MANAGED_RULE_GROUP"",""action"":""BLOCK"",""terminatingRuleMatchDetails"":[{""conditionType"":""REGEX"",""location"":""URI"",""matchedData"":null,""matchedFieldName"":""""}],""httpSourceName"":""CF"",""httpSourceId"":""E34E78V0LS84QR"",""ruleGroupList"":[{""ruleGroupId"":""AWS#AWSManagedRulesAmazonIpReputationList"",""terminatingRule"":null,""nonTerminatingMatchingRules"":[],""excludedRules"":null,""customerConfig"":null},{""ruleGroupId"":""AWS#AWSManagedRulesSQLiRuleSet"",""terminatingRule"":null,""nonTerminatingMatchingRules"":[],""excludedRules"":null,""customerConfig"":null},{""ruleGroupId"":""AWS#AWSManagedRulesKnownBadInputsRuleSet"",""terminatingRule"":null,""nonTerminatingMatchingRules"":[],""excludedRules"":null,""customerConfig"":null},{""ruleGroupId"":""AWS#AWSManagedRulesAdminProtectionRuleSet"",""terminatingRule"":{""ruleId"":""AdminProtection_URIPATH"",""action"":""BLOCK"",""ruleMatchDetails"":null},""nonTerminatingMatchingRules"":[],""excludedRules"":null,""customerConfig"":null}],""rateBasedRuleList"":[],""nonTerminatingMatchingRules"":[],""requestHeadersInserted"":null,""responseCodeSent"":null,""httpRequest"":{""clientIp"":""84.110.105.79"",""country"":""IL"",""headers"":[{""name"":""User-Agent"",""value"":""PostmanRuntime/7.43.0""},{""name"":""Accept"",""value"":""*/*""},{""name"":""Cache-Control"",""value"":""no-cache""},{""name"":""Postman-Token"",""value"":""f8a8e640-8e47-43c4-a009-070c2a2f2eaa""},{""name"":""Host"",""value"":""d34x0pywpzori4.cloudfront.net""},{""name"":""Accept-Encoding"",""value"":""gzip, deflate, br""},{""name"":""Connection"",""value"":""keep-alive""}],""uri"":""/admin"",""args"":"""",""httpVersion"":""HTTP/1.1"",""httpMethod"":""GET"",""requestId"":""8AsmgM5-tBN5jrf7dqzUXvU1kiIC7LigIzXUF0nDL09Vq7RA7TuVhQ==""},""labels"":[{""name"":""awswaf:managed:aws:admin-protection:AdminProtection_URIPath""}],""ja3Fingerprint"":""51bddd625044f75a235ba857ac8b0145"",""ja4Fingerprint"":""t13d181100_5d04281c6031_ef7df7f74e48""}"
1.73997E+12,"{""timestamp"":1739966884124,""formatVersion"":1,""webaclId"":""arn:aws:wafv2:us-east-1:831926621722:global/webacl/demo/89bae2ff-962b-4291-8191-c80a84f2c8da"",""terminatingRuleId"":""AWS-AWSManagedRulesAdminProtectionRuleSet"",""terminatingRuleType"":""MANAGED_RULE_GROUP"",""action"":""BLOCK"",""terminatingRuleMatchDetails"":[{""conditionType"":""REGEX"",""location"":""URI"",""matchedData"":null,""matchedFieldName"":""""}],""httpSourceName"":""CF"",""httpSourceId"":""E34E78V0LS84QR"",""ruleGroupList"":[{""ruleGroupId"":""AWS#AWSManagedRulesAmazonIpReputationList"",""terminatingRule"":null,""nonTerminatingMatchingRules"":[],""excludedRules"":null,""customerConfig"":null},{""ruleGroupId"":""AWS#AWSManagedRulesSQLiRuleSet"",""terminatingRule"":null,""nonTerminatingMatchingRules"":[],""excludedRules"":null,""customerConfig"":null},{""ruleGroupId"":""AWS#AWSManagedRulesKnownBadInputsRuleSet"",""terminatingRule"":null,""nonTerminatingMatchingRules"":[],""excludedRules"":null,""customerConfig"":null},{""ruleGroupId"":""AWS#AWSManagedRulesAdminProtectionRuleSet"",""terminatingRule"":{""ruleId"":""AdminProtection_URIPATH"",""action"":""BLOCK"",""ruleMatchDetails"":null},""nonTerminatingMatchingRules"":[],""excludedRules"":null,""customerConfig"":null}],""rateBasedRuleList"":[],""nonTerminatingMatchingRules"":[],""requestHeadersInserted"":null,""responseCodeSent"":null,""httpRequest"":{""clientIp"":""84.110.105.79"",""country"":""IL"",""headers"":[{""name"":""User-Agent"",""value"":""PostmanRuntime/7.43.0""},{""name"":""Accept"",""value"":""*/*""},{""name"":""Cache-Control"",""value"":""no-cache""},{""name"":""Postman-Token"",""value"":""43b1b03a-41e4-4765-9792-346116fbbd1c""},{""name"":""Host"",""value"":""d34x0pywpzori4.cloudfront.net""},{""name"":""Accept-Encoding"",""value"":""gzip, deflate, br""},{""name"":""Connection"",""value"":""keep-alive""}],""uri"":""/wp-admin"",""args"":"""",""httpVersion"":""HTTP/1.1"",""httpMethod"":""GET"",""requestId"":""jJqG1xn_Xkx1H8efaMJkwsrg0pcaCNLfybgffDKVPaaJu79yQMQ2pw==""},""labels"":[{""name"":""awswaf:managed:aws:admin-protection:AdminProtection_URIPath""}],""ja3Fingerprint"":""51bddd625044f75a235ba857ac8b0145"",""ja4Fingerprint"":""t13d181100_5d04281c6031_ef7df7f74e48""}"
1.73997E+12,"{""timestamp"":1739966896577,""formatVersion"":1,""webaclId"":""arn:aws:wafv2:us-east-1:831926621722:global/webacl/demo/89bae2ff-962b-4291-8191-c80a84f2c8da"",""terminatingRuleId"":""AWS-AWSManagedRulesWordPressRuleSet"",""terminatingRuleType"":""MANAGED_RULE_GROUP"",""action"":""BLOCK"",""terminatingRuleMatchDetails"":[{""conditionType"":""REGEX"",""location"":""URI"",""matchedData"":null,""matchedFieldName"":""""}],""httpSourceName"":""CF"",""httpSourceId"":""E34E78V0LS84QR"",""ruleGroupList"":[{""ruleGroupId"":""AWS#AWSManagedRulesAmazonIpReputationList"",""terminatingRule"":null,""nonTerminatingMatchingRules"":[],""excludedRules"":null,""customerConfig"":null},{""ruleGroupId"":""AWS#AWSManagedRulesSQLiRuleSet"",""terminatingRule"":null,""nonTerminatingMatchingRules"":[],""excludedRules"":null,""customerConfig"":null},{""ruleGroupId"":""AWS#AWSManagedRulesKnownBadInputsRuleSet"",""terminatingRule"":null,""nonTerminatingMatchingRules"":[],""excludedRules"":null,""customerConfig"":null},{""ruleGroupId"":""AWS#AWSManagedRulesAdminProtectionRuleSet"",""terminatingRule"":null,""nonTerminatingMatchingRules"":[],""excludedRules"":null,""customerConfig"":null},{""ruleGroupId"":""AWS#AWSManagedRulesWordPressRuleSet"",""terminatingRule"":{""ruleId"":""WordPressExploitablePaths_URIPATH"",""action"":""BLOCK"",""ruleMatchDetails"":null},""nonTerminatingMatchingRules"":[],""excludedRules"":null,""customerConfig"":null}],""rateBasedRuleList"":[],""nonTerminatingMatchingRules"":[],""requestHeadersInserted"":null,""responseCodeSent"":null,""httpRequest"":{""clientIp"":""84.110.105.79"",""country"":""IL"",""headers"":[{""name"":""User-Agent"",""value"":""PostmanRuntime/7.43.0""},{""name"":""Accept"",""value"":""*/*""},{""name"":""Cache-Control"",""value"":""no-cache""},{""name"":""Postman-Token"",""value"":""3d2f27c2-fc74-4aa1-84ce-2f12c6a848e2""},{""name"":""Host"",""value"":""d34x0pywpzori4.cloudfront.net""},{""name"":""Accept-Encoding"",""value"":""gzip, deflate, br""},{""name"":""Connection"",""value"":""keep-alive""}],""uri"":""/xmlrpc.php"",""args"":"""",""httpVersion"":""HTTP/1.1"",""httpMethod"":""GET"",""requestId"":""Ppm3sIwgO3Eahdas-yRmdtODe66-Rjtm2ipLbtJfOZGWnHKOk6ylBQ==""},""labels"":[{""name"":""awswaf:managed:aws:wordpress-app:WordPressExploitablePaths_URIPATH""}],""ja3Fingerprint"":""51bddd625044f75a235ba857ac8b0145"",""ja4Fingerprint"":""t13d181100_5d04281c6031_ef7df7f74e48""}"
1.73997E+12,"{""timestamp"":1739966926393,""formatVersion"":1,""webaclId"":""arn:aws:wafv2:us-east-1:831926621722:global/webacl/demo/89bae2ff-962b-4291-8191-c80a84f2c8da"",""terminatingRuleId"":""AWS-AWSManagedRulesWordPressRuleSet"",""terminatingRuleType"":""MANAGED_RULE_GROUP"",""action"":""BLOCK"",""terminatingRuleMatchDetails"":[{""conditionType"":""REGEX"",""location"":""URI"",""matchedData"":null,""matchedFieldName"":""""}],""httpSourceName"":""CF"",""httpSourceId"":""E34E78V0LS84QR"",""ruleGroupList"":[{""ruleGroupId"":""AWS#AWSManagedRulesAmazonIpReputationList"",""terminatingRule"":null,""nonTerminatingMatchingRules"":[],""excludedRules"":null,""customerConfig"":null},{""ruleGroupId"":""AWS#AWSManagedRulesSQLiRuleSet"",""terminatingRule"":null,""nonTerminatingMatchingRules"":[],""excludedRules"":null,""customerConfig"":null},{""ruleGroupId"":""AWS#AWSManagedRulesKnownBadInputsRuleSet"",""terminatingRule"":null,""nonTerminatingMatchingRules"":[],""excludedRules"":null,""customerConfig"":null},{""ruleGroupId"":""AWS#AWSManagedRulesAdminProtectionRuleSet"",""terminatingRule"":null,""nonTerminatingMatchingRules"":[],""excludedRules"":null,""customerConfig"":null},{""ruleGroupId"":""AWS#AWSManagedRulesWordPressRuleSet"",""terminatingRule"":{""ruleId"":""WordPressExploitablePaths_URIPATH"",""action"":""BLOCK"",""ruleMatchDetails"":null},""nonTerminatingMatchingRules"":[],""excludedRules"":null,""customerConfig"":null}],""rateBasedRuleList"":[],""nonTerminatingMatchingRules"":[],""requestHeadersInserted"":null,""responseCodeSent"":null,""httpRequest"":{""clientIp"":""84.110.105.79"",""country"":""IL"",""headers"":[{""name"":""User-Agent"",""value"":""PostmanRuntime/7.43.0""},{""name"":""Accept"",""value"":""*/*""},{""name"":""Cache-Control"",""value"":""no-cache""},{""name"":""Postman-Token"",""value"":""b4fb9992-e02d-4882-96cd-28e0a3a5c35f""},{""name"":""Host"",""value"":""d34x0pywpzori4.cloudfront.net""},{""name"":""Accept-Encoding"",""value"":""gzip, deflate, br""},{""name"":""Connection"",""value"":""keep-alive""}],""uri"":""/xmlrpc.php"",""args"":"""",""httpVersion"":""HTTP/1.1"",""httpMethod"":""GET"",""requestId"":""0_1uTUl_bwKBElVFKnKjR8tscMi87qG3bn8RLLHG5AZ7PPqvU7MlIA==""},""labels"":[{""name"":""awswaf:managed:aws:wordpress-app:WordPressExploitablePaths_URIPATH""}],""ja3Fingerprint"":""51bddd625044f75a235ba857ac8b0145"",""ja4Fingerprint"":""t13d181100_5d04281c6031_ef7df7f74e48""}"
1.73997E+12,"{""timestamp"":1739966927651,""formatVersion"":1,""webaclId"":""arn:aws:wafv2:us-east-1:831926621722:global/webacl/demo/89bae2ff-962b-4291-8191-c80a84f2c8da"",""terminatingRuleId"":""AWS-AWSManagedRulesWordPressRuleSet"",""terminatingRuleType"":""MANAGED_RULE_GROUP"",""action"":""BLOCK"",""terminatingRuleMatchDetails"":[{""conditionType"":""REGEX"",""location"":""URI"",""matchedData"":null,""matchedFieldName"":""""}],""httpSourceName"":""CF"",""httpSourceId"":""E34E78V0LS84QR"",""ruleGroupList"":[{""ruleGroupId"":""AWS#AWSManagedRulesAmazonIpReputationList"",""terminatingRule"":null,""nonTerminatingMatchingRules"":[],""excludedRules"":null,""customerConfig"":null},{""ruleGroupId"":""AWS#AWSManagedRulesSQLiRuleSet"",""terminatingRule"":null,""nonTerminatingMatchingRules"":[],""excludedRules"":null,""customerConfig"":null},{""ruleGroupId"":""AWS#AWSManagedRulesKnownBadInputsRuleSet"",""terminatingRule"":null,""nonTerminatingMatchingRules"":[],""excludedRules"":null,""customerConfig"":null},{""ruleGroupId"":""AWS#AWSManagedRulesAdminProtectionRuleSet"",""terminatingRule"":null,""nonTerminatingMatchingRules"":[],""excludedRules"":null,""customerConfig"":null},{""ruleGroupId"":""AWS#AWSManagedRulesWordPressRuleSet"",""terminatingRule"":{""ruleId"":""WordPressExploitablePaths_URIPATH"",""action"":""BLOCK"",""ruleMatchDetails"":null},""nonTerminatingMatchingRules"":[],""excludedRules"":null,""customerConfig"":null}],""rateBasedRuleList"":[],""nonTerminatingMatchingRules"":[],""requestHeadersInserted"":null,""responseCodeSent"":null,""httpRequest"":{""clientIp"":""84.110.105.79"",""country"":""IL"",""headers"":[{""name"":""User-Agent"",""value"":""PostmanRuntime/7.43.0""},{""name"":""Accept"",""value"":""*/*""},{""name"":""Cache-Control"",""value"":""no-cache""},{""name"":""Postman-Token"",""value"":""2efd775c-fbd5-4926-a19e-44600f29ece9""},{""name"":""Host"",""value"":""d34x0pywpzori4.cloudfront.net""},{""name"":""Accept-Encoding"",""value"":""gzip, deflate, br""},{""name"":""Connection"",""value"":""keep-alive""}],""uri"":""/xmlrpc.php"",""args"":"""",""httpVersion"":""HTTP/1.1"",""httpMethod"":""GET"",""requestId"":""AcTPGzbNuf-LZjDo_QOYLtX-0itQ4br-OvhVLfvFZURhCZ70j5RbZQ==""},""labels"":[{""name"":""awswaf:managed:aws:wordpress-app:WordPressExploitablePaths_URIPATH""}],""ja3Fingerprint"":""51bddd625044f75a235ba857ac8b0145"",""ja4Fingerprint"":""t13d181100_5d04281c6031_ef7df7f74e48""}"
1.73997E+12,"{""timestamp"":1739966928847,""formatVersion"":1,""webaclId"":""arn:aws:wafv2:us-east-1:831926621722:global/webacl/demo/89bae2ff-962b-4291-8191-c80a84f2c8da"",""terminatingRuleId"":""AWS-AWSManagedRulesWordPressRuleSet"",""terminatingRuleType"":""MANAGED_RULE_GROUP"",""action"":""BLOCK"",""terminatingRuleMatchDetails"":[{""conditionType"":""REGEX"",""location"":""URI"",""matchedData"":null,""matchedFieldName"":""""}],""httpSourceName"":""CF"",""httpSourceId"":""E34E78V0LS84QR"",""ruleGroupList"":[{""ruleGroupId"":""AWS#AWSManagedRulesAmazonIpReputationList"",""terminatingRule"":null,""nonTerminatingMatchingRules"":[],""excludedRules"":null,""customerConfig"":null},{""ruleGroupId"":""AWS#AWSManagedRulesSQLiRuleSet"",""terminatingRule"":null,""nonTerminatingMatchingRules"":[],""excludedRules"":null,""customerConfig"":null},{""ruleGroupId"":""AWS#AWSManagedRulesKnownBadInputsRuleSet"",""terminatingRule"":null,""nonTerminatingMatchingRules"":[],""excludedRules"":null,""customerConfig"":null},{""ruleGroupId"":""AWS#AWSManagedRulesAdminProtectionRuleSet"",""terminatingRule"":null,""nonTerminatingMatchingRules"":[],""excludedRules"":null,""customerConfig"":null},{""ruleGroupId"":""AWS#AWSManagedRulesWordPressRuleSet"",""terminatingRule"":{""ruleId"":""WordPressExploitablePaths_URIPATH"",""action"":""BLOCK"",""ruleMatchDetails"":null},""nonTerminatingMatchingRules"":[],""excludedRules"":null,""customerConfig"":null}],""rateBasedRuleList"":[],""nonTerminatingMatchingRules"":[],""requestHeadersInserted"":null,""responseCodeSent"":null,""httpRequest"":{""clientIp"":""84.110.105.79"",""country"":""IL"",""headers"":[{""name"":""User-Agent"",""value"":""PostmanRuntime/7.43.0""},{""name"":""Accept"",""value"":""*/*""},{""name"":""Cache-Control"",""value"":""no-cache""},{""name"":""Postman-Token"",""value"":""0895dd3c-8327-4c77-b7e9-35f474b384b5""},{""name"":""Host"",""value"":""d34x0pywpzori4.cloudfront.net""},{""name"":""Accept-Encoding"",""value"":""gzip, deflate, br""},{""name"":""Connection"",""value"":""keep-alive""}],""uri"":""/xmlrpc.php"",""args"":"""",""httpVersion"":""HTTP/1.1"",""httpMethod"":""GET"",""requestId"":""_mQvxt3mNV5jUMw4EOPdPqqRI8DvFYG1vt66GkbSzrqs7BAPxdq0tg==""},""labels"":[{""name"":""awswaf:managed:aws:wordpress-app:WordPressExploitablePaths_URIPATH""}],""ja3Fingerprint"":""51bddd625044f75a235ba857ac8b0145"",""ja4Fingerprint"":""t13d181100_5d04281c6031_ef7df7f74e48""}"
1.73997E+12,"{""timestamp"":1739966959709,""formatVersion"":1,""webaclId"":""arn:aws:wafv2:us-east-1:831926621722:global/webacl/demo/89bae2ff-962b-4291-8191-c80a84f2c8da"",""terminatingRuleId"":""tziki-rule"",""terminatingRuleType"":""REGULAR"",""action"":""BLOCK"",""terminatingRuleMatchDetails"":[],""httpSourceName"":""CF"",""httpSourceId"":""E34E78V0LS84QR"",""ruleGroupList"":[{""ruleGroupId"":""AWS#AWSManagedRulesAmazonIpReputationList"",""terminatingRule"":null,""nonTerminatingMatchingRules"":[],""excludedRules"":null,""customerConfig"":null},{""ruleGroupId"":""AWS#AWSManagedRulesSQLiRuleSet"",""terminatingRule"":null,""nonTerminatingMatchingRules"":[],""excludedRules"":null,""customerConfig"":null}],""rateBasedRuleList"":[],""nonTerminatingMatchingRules"":[],""requestHeadersInserted"":null,""responseCodeSent"":null,""httpRequest"":{""clientIp"":""84.110.105.79"",""country"":""IL"",""headers"":[{""name"":""User-Agent"",""value"":""PostmanRuntime/7.43.0""},{""name"":""Accept"",""value"":""*/*""},{""name"":""Cache-Control"",""value"":""no-cache""},{""name"":""Postman-Token"",""value"":""a908e42f-b408-4f1a-878e-dc8fb53ed021""},{""name"":""Host"",""value"":""d34x0pywpzori4.cloudfront.net""},{""name"":""Accept-Encoding"",""value"":""gzip, deflate, br""},{""name"":""Connection"",""value"":""keep-alive""}],""uri"":""/"",""args"":""tziki=tziki"",""httpVersion"":""HTTP/1.1"",""httpMethod"":""GET"",""requestId"":""_nMWifctU2zl_ZHOSvkuWlO6BW6AJjXHI-Uc1L1m3dkOJczRCckutQ==""},""ja3Fingerprint"":""51bddd625044f75a235ba857ac8b0145"",""ja4Fingerprint"":""t13d181100_5d04281c6031_ef7df7f74e48""}"
1.73997E+12,"{""timestamp"":1739966961003,""formatVersion"":1,""webaclId"":""arn:aws:wafv2:us-east-1:831926621722:global/webacl/demo/89bae2ff-962b-4291-8191-c80a84f2c8da"",""terminatingRuleId"":""tziki-rule"",""terminatingRuleType"":""REGULAR"",""action"":""BLOCK"",""terminatingRuleMatchDetails"":[],""httpSourceName"":""CF"",""httpSourceId"":""E34E78V0LS84QR"",""ruleGroupList"":[{""ruleGroupId"":""AWS#AWSManagedRulesAmazonIpReputationList"",""terminatingRule"":null,""nonTerminatingMatchingRules"":[],""excludedRules"":null,""customerConfig"":null},{""ruleGroupId"":""AWS#AWSManagedRulesSQLiRuleSet"",""terminatingRule"":null,""nonTerminatingMatchingRules"":[],""excludedRules"":null,""customerConfig"":null}],""rateBasedRuleList"":[],""nonTerminatingMatchingRules"":[],""requestHeadersInserted"":null,""responseCodeSent"":null,""httpRequest"":{""clientIp"":""84.110.105.79"",""country"":""IL"",""headers"":[{""name"":""User-Agent"",""value"":""PostmanRuntime/7.43.0""},{""name"":""Accept"",""value"":""*/*""},{""name"":""Cache-Control"",""value"":""no-cache""},{""name"":""Postman-Token"",""value"":""c37fa99a-f8c8-4e66-9126-b5d8ce546b2e""},{""name"":""Host"",""value"":""d34x0pywpzori4.cloudfront.net""},{""name"":""Accept-Encoding"",""value"":""gzip, deflate, br""},{""name"":""Connection"",""value"":""keep-alive""}],""uri"":""/"",""args"":""tziki=tziki"",""httpVersion"":""HTTP/1.1"",""httpMethod"":""GET"",""requestId"":""JRetxdE6MfMdQEwNXhSPROZT8pihz4Y0waDl4OObh2Mq2SuRySJQGA==""},""ja3Fingerprint"":""51bddd625044f75a235ba857ac8b0145"",""ja4Fingerprint"":""t13d181100_5d04281c6031_ef7df7f74e48""}"
1.73997E+12,"{""timestamp"":1739966962240,""formatVersion"":1,""webaclId"":""arn:aws:wafv2:us-east-1:831926621722:global/webacl/demo/89bae2ff-962b-4291-8191-c80a84f2c8da"",""terminatingRuleId"":""tziki-rule"",""terminatingRuleType"":""REGULAR"",""action"":""BLOCK"",""terminatingRuleMatchDetails"":[],""httpSourceName"":""CF"",""httpSourceId"":""E34E78V0LS84QR"",""ruleGroupList"":[{""ruleGroupId"":""AWS#AWSManagedRulesAmazonIpReputationList"",""terminatingRule"":null,""nonTerminatingMatchingRules"":[],""excludedRules"":null,""customerConfig"":null},{""ruleGroupId"":""AWS#AWSManagedRulesSQLiRuleSet"",""terminatingRule"":null,""nonTerminatingMatchingRules"":[],""excludedRules"":null,""customerConfig"":null}],""rateBasedRuleList"":[],""nonTerminatingMatchingRules"":[],""requestHeadersInserted"":null,""responseCodeSent"":null,""httpRequest"":{""clientIp"":""84.110.105.79"",""country"":""IL"",""headers"":[{""name"":""User-Agent"",""value"":""PostmanRuntime/7.43.0""},{""name"":""Accept"",""value"":""*/*""},{""name"":""Cache-Control"",""value"":""no-cache""},{""name"":""Postman-Token"",""value"":""ef1250a6-46e9-4309-8af0-9836f910d4be""},{""name"":""Host"",""value"":""d34x0pywpzori4.cloudfront.net""},{""name"":""Accept-Encoding"",""value"":""gzip, deflate, br""},{""name"":""Connection"",""value"":""keep-alive""}],""uri"":""/"",""args"":""tziki=tziki"",""httpVersion"":""HTTP/1.1"",""httpMethod"":""GET"",""requestId"":""A7pdmGvNOQubCnzwl4lWDWXaU33Rxy-eFoWk5LnmjYjD1SWfnvwwrw==""},""ja3Fingerprint"":""51bddd625044f75a235ba857ac8b0145"",""ja4Fingerprint"":""t13d181100_5d04281c6031_ef7df7f74e48""}"
1.73997E+12,"{""timestamp"":1739966966882,""formatVersion"":1,""webaclId"":""arn:aws:wafv2:us-east-1:831926621722:global/webacl/demo/89bae2ff-962b-4291-8191-c80a84f2c8da"",""terminatingRuleId"":""AWS-AWSManagedRulesAdminProtectionRuleSet"",""terminatingRuleType"":""MANAGED_RULE_GROUP"",""action"":""BLOCK"",""terminatingRuleMatchDetails"":[{""conditionType"":""REGEX"",""location"":""URI"",""matchedData"":null,""matchedFieldName"":""""}],""httpSourceName"":""CF"",""httpSourceId"":""E34E78V0LS84QR"",""ruleGroupList"":[{""ruleGroupId"":""AWS#AWSManagedRulesAmazonIpReputationList"",""terminatingRule"":null,""nonTerminatingMatchingRules"":[],""excludedRules"":null,""customerConfig"":null},{""ruleGroupId"":""AWS#AWSManagedRulesSQLiRuleSet"",""terminatingRule"":null,""nonTerminatingMatchingRules"":[],""excludedRules"":null,""customerConfig"":null},{""ruleGroupId"":""AWS#AWSManagedRulesKnownBadInputsRuleSet"",""terminatingRule"":null,""nonTerminatingMatchingRules"":[],""excludedRules"":null,""customerConfig"":null},{""ruleGroupId"":""AWS#AWSManagedRulesAdminProtectionRuleSet"",""terminatingRule"":{""ruleId"":""AdminProtection_URIPATH"",""action"":""BLOCK"",""ruleMatchDetails"":null},""nonTerminatingMatchingRules"":[],""excludedRules"":null,""customerConfig"":null}],""rateBasedRuleList"":[],""nonTerminatingMatchingRules"":[],""requestHeadersInserted"":null,""responseCodeSent"":null,""httpRequest"":{""clientIp"":""84.110.105.79"",""country"":""IL"",""headers"":[{""name"":""User-Agent"",""value"":""PostmanRuntime/7.43.0""},{""name"":""Accept"",""value"":""*/*""},{""name"":""Cache-Control"",""value"":""no-cache""},{""name"":""Postman-Token"",""value"":""add23120-09cf-4379-a00e-e9c115b8cceb""},{""name"":""Host"",""value"":""d34x0pywpzori4.cloudfront.net""},{""name"":""Accept-Encoding"",""value"":""gzip, deflate, br""},{""name"":""Connection"",""value"":""keep-alive""}],""uri"":""/admin"",""args"":"""",""httpVersion"":""HTTP/1.1"",""httpMethod"":""GET"",""requestId"":""bwvaTtqMq93hTMyovoV3Gp-GV59ECqgSW2M9BT2dI6e1xy4gwKvALg==""},""labels"":[{""name"":""awswaf:managed:aws:admin-protection:AdminProtection_URIPath""}],""ja3Fingerprint"":""51bddd625044f75a235ba857ac8b0145"",""ja4Fingerprint"":""t13d181100_5d04281c6031_ef7df7f74e48""}"
1.73997E+12,"{""timestamp"":1739966968078,""formatVersion"":1,""webaclId"":""arn:aws:wafv2:us-east-1:831926621722:global/webacl/demo/89bae2ff-962b-4291-8191-c80a84f2c8da"",""terminatingRuleId"":""AWS-AWSManagedRulesAdminProtectionRuleSet"",""terminatingRuleType"":""MANAGED_RULE_GROUP"",""action"":""BLOCK"",""terminatingRuleMatchDetails"":[{""conditionType"":""REGEX"",""location"":""URI"",""matchedData"":null,""matchedFieldName"":""""}],""httpSourceName"":""CF"",""httpSourceId"":""E34E78V0LS84QR"",""ruleGroupList"":[{""ruleGroupId"":""AWS#AWSManagedRulesAmazonIpReputationList"",""terminatingRule"":null,""nonTerminatingMatchingRules"":[],""excludedRules"":null,""customerConfig"":null},{""ruleGroupId"":""AWS#AWSManagedRulesSQLiRuleSet"",""terminatingRule"":null,""nonTerminatingMatchingRules"":[],""excludedRules"":null,""customerConfig"":null},{""ruleGroupId"":""AWS#AWSManagedRulesKnownBadInputsRuleSet"",""terminatingRule"":null,""nonTerminatingMatchingRules"":[],""excludedRules"":null,""customerConfig"":null},{""ruleGroupId"":""AWS#AWSManagedRulesAdminProtectionRuleSet"",""terminatingRule"":{""ruleId"":""AdminProtection_URIPATH"",""action"":""BLOCK"",""ruleMatchDetails"":null},""nonTerminatingMatchingRules"":[],""excludedRules"":null,""customerConfig"":null}],""rateBasedRuleList"":[],""nonTerminatingMatchingRules"":[],""requestHeadersInserted"":null,""responseCodeSent"":null,""httpRequest"":{""clientIp"":""84.110.105.79"",""country"":""IL"",""headers"":[{""name"":""User-Agent"",""value"":""PostmanRuntime/7.43.0""},{""name"":""Accept"",""value"":""*/*""},{""name"":""Cache-Control"",""value"":""no-cache""},{""name"":""Postman-Token"",""value"":""c3a9fc27-a35d-4106-b411-afea2d534ce1""},{""name"":""Host"",""value"":""d34x0pywpzori4.cloudfront.net""},{""name"":""Accept-Encoding"",""value"":""gzip, deflate, br""},{""name"":""Connection"",""value"":""keep-alive""}],""uri"":""/admin"",""args"":"""",""httpVersion"":""HTTP/1.1"",""httpMethod"":""GET"",""requestId"":""YKdMEpxpkyC4a8orb8q55pbHRVDRkexP-wfF2YPVvF77OmeQ542A0Q==""},""labels"":[{""name"":""awswaf:managed:aws:admin-protection:AdminProtection_URIPath""}],""ja3Fingerprint"":""51bddd625044f75a235ba857ac8b0145"",""ja4Fingerprint"":""t13d181100_5d04281c6031_ef7df7f74e48""}"
1.73997E+12,"{""timestamp"":1739966969305,""formatVersion"":1,""webaclId"":""arn:aws:wafv2:us-east-1:831926621722:global/webacl/demo/89bae2ff-962b-4291-8191-c80a84f2c8da"",""terminatingRuleId"":""AWS-AWSManagedRulesAdminProtectionRuleSet"",""terminatingRuleType"":""MANAGED_RULE_GROUP"",""action"":""BLOCK"",""terminatingRuleMatchDetails"":[{""conditionType"":""REGEX"",""location"":""URI"",""matchedData"":null,""matchedFieldName"":""""}],""httpSourceName"":""CF"",""httpSourceId"":""E34E78V0LS84QR"",""ruleGroupList"":[{""ruleGroupId"":""AWS#AWSManagedRulesAmazonIpReputationList"",""terminatingRule"":null,""nonTerminatingMatchingRules"":[],""excludedRules"":null,""customerConfig"":null},{""ruleGroupId"":""AWS#AWSManagedRulesSQLiRuleSet"",""terminatingRule"":null,""nonTerminatingMatchingRules"":[],""excludedRules"":null,""customerConfig"":null},{""ruleGroupId"":""AWS#AWSManagedRulesKnownBadInputsRuleSet"",""terminatingRule"":null,""nonTerminatingMatchingRules"":[],""excludedRules"":null,""customerConfig"":null},{""ruleGroupId"":""AWS#AWSManagedRulesAdminProtectionRuleSet"",""terminatingRule"":{""ruleId"":""AdminProtection_URIPATH"",""action"":""BLOCK"",""ruleMatchDetails"":null},""nonTerminatingMatchingRules"":[],""excludedRules"":null,""customerConfig"":null}],""rateBasedRuleList"":[],""nonTerminatingMatchingRules"":[],""requestHeadersInserted"":null,""responseCodeSent"":null,""httpRequest"":{""clientIp"":""84.110.105.79"",""country"":""IL"",""headers"":[{""name"":""User-Agent"",""value"":""PostmanRuntime/7.43.0""},{""name"":""Accept"",""value"":""*/*""},{""name"":""Cache-Control"",""value"":""no-cache""},{""name"":""Postman-Token"",""value"":""14ba00ad-81b2-4ebb-9ada-d500381da3ec""},{""name"":""Host"",""value"":""d34x0pywpzori4.cloudfront.net""},{""name"":""Accept-Encoding"",""value"":""gzip, deflate, br""},{""name"":""Connection"",""value"":""keep-alive""}],""uri"":""/admin"",""args"":"""",""httpVersion"":""HTTP/1.1"",""httpMethod"":""GET"",""requestId"":""sOgFuLjaNX9_79ViCcYcJfKm4UvtISJOZ08fSwPk4gz4CwfvsQvHeA==""},""labels"":[{""name"":""awswaf:managed:aws:admin-protection:AdminProtection_URIPath""}],""ja3Fingerprint"":""51bddd625044f75a235ba857ac8b0145"",""ja4Fingerprint"":""t13d181100_5d04281c6031_ef7df7f74e48""}"
